Date,ID_Commodity,Predicted_Landed_Cost,Supply_Alert_Level,Driver_Cost_Key
2033-12-14,wheat,748.71344,Low,ID_Commodity_oil
2033-12-15,sugar,723.989,Low,ID_Commodity_oil
2033-12-16,sugar,840.755,Low,ID_Commodity_oil
2033-12-17,wheat,663.4383,Low,ID_Commodity_oil
2033-12-18,wheat,682.2251,Low,ID_Commodity_oil
2033-12-19,oil,1598.7515,Low,ID_Commodity_oil
2033-12-20,oil,1615.8685,Low,ID_Commodity_oil
2033-12-21,wheat,613.6314,Low,ID_Commodity_oil
2033-12-22,wheat,672.76984,Low,ID_Commodity_oil
2033-12-23,wheat,539.77106,Low,ID_Commodity_oil
2033-12-24,sugar,864.9038,Low,ID_Commodity_oil
2033-12-25,sugar,859.75543,Low,ID_Commodity_oil
2033-12-26,sugar,794.8621,Low,ID_Commodity_oil
2033-12-27,wheat,680.67236,Low,ID_Commodity_oil
2033-12-28,oil,1615.6083,Low,ID_Commodity_oil
2033-12-29,wheat,672.39777,Low,ID_Commodity_oil
2033-12-30,sugar,849.7789,Low,ID_Commodity_oil
2033-12-31,sugar,766.92865,Low,ID_Commodity_oil
2034-01-01,wheat,634.32697,Low,ID_Commodity_oil
2034-01-02,wheat,648.55304,Low,ID_Commodity_oil
2034-01-03,sugar,808.41876,Low,ID_Commodity_oil
2034-01-04,sugar,766.9444,Low,ID_Commodity_oil
2034-01-05,sugar,767.7316,Low,ID_Commodity_oil
2034-01-06,wheat,743.88385,Low,ID_Commodity_oil
2034-01-07,sugar,939.91785,Low,ID_Commodity_oil
2034-01-08,sugar,857.2533,Low,ID_Commodity_oil
2034-01-09,oil,1610.8593,Low,ID_Commodity_oil
2034-01-10,wheat,729.9596,Low,ID_Commodity_oil
2034-01-11,oil,1631.923,Low,ID_Commodity_oil
2034-01-12,oil,1736.8069,Low,ID_Commodity_oil
2034-01-13,sugar,920.84906,Low,ID_Commodity_oil
2034-01-14,wheat,689.2629,Low,ID_Commodity_oil
2034-01-15,sugar,863.9319,Low,ID_Commodity_oil
2034-01-16,wheat,713.10785,Low,ID_Commodity_oil
2034-01-17,oil,1608.2057,Low,ID_Commodity_oil
2034-01-18,wheat,689.5153,Low,ID_Commodity_oil
2034-01-19,sugar,870.8085,Low,ID_Commodity_oil
2034-01-20,sugar,937.5986,Low,ID_Commodity_oil
2034-01-21,sugar,868.7214,Low,ID_Commodity_oil
2034-01-22,wheat,901.2367,High,ID_Commodity_oil
2034-01-23,oil,1733.6927,Low,ID_Commodity_oil
2034-01-24,oil,1755.0547,Low,ID_Commodity_oil
2034-01-25,wheat,719.6657,Low,ID_Commodity_oil
2034-01-26,sugar,925.1714,Low,ID_Commodity_oil
2034-01-27,oil,1702.1224,Low,ID_Commodity_oil
2034-01-28,sugar,925.3223,Low,ID_Commodity_oil
2034-01-29,wheat,635.8242,Low,ID_Commodity_oil
2034-01-30,sugar,968.8056,Med,ID_Commodity_oil
2034-01-31,oil,1719.4503,Low,ID_Commodity_oil
2034-02-01,oil,1668.4867,Low,ID_Commodity_oil
2034-02-02,sugar,966.8935,Med,ID_Commodity_oil
2034-02-03,wheat,798.16003,Med,ID_Commodity_oil
2034-02-04,sugar,951.1649,Low,ID_Commodity_oil
2034-02-05,wheat,673.8945,Low,ID_Commodity_oil
2034-02-06,sugar,850.7287,Low,ID_Commodity_oil
2034-02-07,oil,1627.8739,Low,ID_Commodity_oil
2034-02-08,wheat,709.2421,Low,ID_Commodity_oil
2034-02-09,wheat,739.0218,Low,ID_Commodity_oil
2034-02-10,wheat,718.12616,Low,ID_Commodity_oil
2034-02-11,oil,1737.7584,Low,ID_Commodity_oil
2034-02-12,sugar,845.1749,Low,ID_Commodity_oil
2034-02-13,oil,1772.529,Low,ID_Commodity_oil
2034-02-14,wheat,763.71344,Low,ID_Commodity_oil
2034-02-15,sugar,1036.6896,Med,ID_Commodity_oil
2034-02-16,oil,1748.2551,Low,ID_Commodity_oil
2034-02-17,wheat,795.2293,Med,ID_Commodity_oil
2034-02-18,wheat,786.0481,Low,ID_Commodity_oil
2034-02-19,oil,1713.5618,Low,ID_Commodity_oil
2034-02-20,oil,1728.592,Low,ID_Commodity_oil
2034-02-21,oil,1711.2255,Low,ID_Commodity_oil
2034-02-22,wheat,816.0947,Med,ID_Commodity_oil
2034-02-23,oil,1640.014,Low,ID_Commodity_oil
2034-02-24,wheat,771.02246,Low,ID_Commodity_oil
2034-02-25,oil,1743.012,Low,ID_Commodity_oil
2034-02-26,wheat,732.2296,Low,ID_Commodity_oil
2034-02-27,wheat,787.3486,Med,ID_Commodity_oil
2034-02-28,sugar,866.99805,Low,ID_Commodity_oil
2034-03-01,oil,1737.2144,Low,ID_Commodity_oil
2034-03-02,oil,1743.4778,Low,ID_Commodity_oil
2034-03-03,wheat,662.8784,Low,ID_Commodity_oil
2034-03-04,wheat,792.83514,Med,ID_Commodity_oil
2034-03-05,wheat,791.6872,Med,ID_Commodity_oil
2034-03-06,sugar,913.83984,Low,ID_Commodity_oil
2034-03-07,sugar,845.73413,Low,ID_Commodity_oil
2034-03-08,wheat,784.37146,Low,ID_Commodity_oil
2034-03-09,oil,1732.6017,Low,ID_Commodity_oil
2034-03-10,oil,1922.485,Med,ID_Commodity_oil
2034-03-11,sugar,928.38837,Low,ID_Commodity_oil
2034-03-12,sugar,916.59796,Low,ID_Commodity_oil
2034-03-13,wheat,664.309,Low,ID_Commodity_oil
2034-03-14,oil,1752.9261,Low,ID_Commodity_oil
2034-03-15,wheat,761.6932,Low,ID_Commodity_oil
2034-03-16,sugar,949.1477,Low,ID_Commodity_oil
2034-03-17,oil,1710.2611,Low,ID_Commodity_oil
2034-03-18,oil,1737.9813,Low,ID_Commodity_oil
2034-03-19,sugar,927.2068,Low,ID_Commodity_oil
2034-03-20,wheat,935.26276,High,ID_Commodity_oil
2034-03-21,wheat,904.92566,High,ID_Commodity_oil
2034-03-22,oil,1708.8739,Low,ID_Commodity_oil
2034-03-23,sugar,942.05176,Low,ID_Commodity_oil
2034-03-24,oil,1631.4009,Low,ID_Commodity_oil
2034-03-25,sugar,861.7296,Low,ID_Commodity_oil
2034-03-26,wheat,826.4217,Med,ID_Commodity_oil
2034-03-27,sugar,1042.3896,High,ID_Commodity_oil
2034-03-28,wheat,731.57715,Low,ID_Commodity_oil
2034-03-29,sugar,882.9344,Low,ID_Commodity_oil
2034-03-30,oil,1711.5575,Low,ID_Commodity_oil
2034-03-31,wheat,755.2376,Low,ID_Commodity_oil
2034-04-01,oil,1740.5652,Low,ID_Commodity_oil
2034-04-02,oil,1724.0239,Low,ID_Commodity_oil
2034-04-03,wheat,946.48553,High,ID_Commodity_oil
2034-04-04,wheat,1028.6449,High,ID_Commodity_oil
2034-04-05,oil,1728.4039,Low,ID_Commodity_oil
2034-04-06,oil,1628.7025,Low,ID_Commodity_oil
2034-04-07,oil,1698.4607,Low,ID_Commodity_oil
2034-04-08,oil,1708.9142,Low,ID_Commodity_oil
2034-04-09,wheat,918.06995,High,ID_Commodity_oil
2034-04-10,wheat,768.79895,Low,ID_Commodity_oil
2034-04-11,oil,1633.1299,Low,ID_Commodity_oil
2034-04-12,sugar,961.21857,Med,ID_Commodity_oil
2034-04-13,sugar,927.74585,Low,ID_Commodity_oil
2034-04-14,wheat,815.65955,Med,ID_Commodity_oil
2034-04-15,oil,1887.2046,Med,ID_Commodity_oil
2034-04-16,oil,1749.1711,Low,ID_Commodity_oil
2034-04-17,wheat,790.1026,Med,ID_Commodity_oil
2034-04-18,sugar,874.9496,Low,ID_Commodity_oil
2034-04-19,sugar,949.8971,Low,ID_Commodity_oil
2034-04-20,sugar,954.4764,Med,ID_Commodity_oil
2034-04-21,wheat,828.1564,Med,ID_Commodity_oil
2034-04-22,sugar,962.6767,Med,ID_Commodity_oil
2034-04-23,wheat,822.7115,Med,ID_Commodity_oil
2034-04-24,wheat,698.1552,Low,ID_Commodity_oil
2034-04-25,oil,1715.4675,Low,ID_Commodity_oil
2034-04-26,sugar,973.5215,Med,ID_Commodity_oil
2034-04-27,wheat,805.549,Med,ID_Commodity_oil
2034-04-28,sugar,1014.3931,Med,ID_Commodity_oil
2034-04-29,sugar,826.95135,Low,ID_Commodity_oil
2034-04-30,oil,1740.7826,Low,ID_Commodity_oil
2034-05-01,sugar,956.90283,Med,ID_Commodity_oil
2034-05-02,oil,1732.0049,Low,ID_Commodity_oil
2034-05-03,wheat,745.8108,Low,ID_Commodity_oil
2034-05-04,sugar,955.73676,Med,ID_Commodity_oil
2034-05-05,wheat,792.6434,Med,ID_Commodity_oil
2034-05-06,sugar,955.6215,Med,ID_Commodity_oil
2034-05-07,wheat,682.73267,Low,ID_Commodity_oil
2034-05-08,sugar,929.00214,Low,ID_Commodity_oil
2034-05-09,sugar,972.43915,Med,ID_Commodity_oil
2034-05-10,sugar,927.2038,Low,ID_Commodity_oil
2034-05-11,sugar,915.04926,Low,ID_Commodity_oil
2034-05-12,sugar,933.70654,Low,ID_Commodity_oil
2034-05-13,sugar,943.1707,Low,ID_Commodity_oil
2034-05-14,sugar,893.9051,Low,ID_Commodity_oil
2034-05-15,sugar,950.3768,Low,ID_Commodity_oil
2034-05-16,sugar,944.5111,Low,ID_Commodity_oil
2034-05-17,wheat,742.2631,Low,ID_Commodity_oil
2034-05-18,oil,1753.1332,Low,ID_Commodity_oil
2034-05-19,sugar,876.0941,Low,ID_Commodity_oil
2034-05-20,oil,1701.0848,Low,ID_Commodity_oil
2034-05-21,sugar,884.3072,Low,ID_Commodity_oil
2034-05-22,sugar,873.86273,Low,ID_Commodity_oil
2034-05-23,wheat,738.2802,Low,ID_Commodity_oil
2034-05-24,wheat,962.3271,High,ID_Commodity_oil
2034-05-25,oil,1645.6375,Low,ID_Commodity_oil
2034-05-26,wheat,977.14014,High,ID_Commodity_oil
2034-05-27,wheat,727.15845,Low,ID_Commodity_oil
2034-05-28,oil,1697.7965,Low,ID_Commodity_oil
2034-05-29,wheat,821.761,Med,ID_Commodity_oil
2034-05-30,sugar,890.44385,Low,ID_Commodity_oil
2034-05-31,oil,1615.0024,Low,ID_Commodity_oil
2034-06-01,oil,1654.9944,Low,ID_Commodity_oil
2034-06-02,sugar,1096.9086,High,ID_Commodity_oil
2034-06-03,wheat,758.89307,Low,ID_Commodity_oil
2034-06-04,oil,1754.7113,Low,ID_Commodity_oil
2034-06-05,oil,1725.5107,Low,ID_Commodity_oil
2034-06-06,sugar,921.60736,Low,ID_Commodity_oil
2034-06-07,sugar,966.9822,Med,ID_Commodity_oil
2034-06-08,wheat,751.1578,Low,ID_Commodity_oil
2034-06-09,oil,1742.9346,Low,ID_Commodity_oil
2034-06-10,wheat,755.4537,Low,ID_Commodity_oil
2034-06-11,wheat,751.6081,Low,ID_Commodity_oil
2034-06-12,sugar,867.20636,Low,ID_Commodity_oil
2034-06-13,oil,1633.755,Low,ID_Commodity_oil
2034-06-14,oil,1698.9094,Low,ID_Commodity_oil
2034-06-15,oil,1650.5552,Low,ID_Commodity_oil
2034-06-16,sugar,855.7497,Low,ID_Commodity_oil
2034-06-17,sugar,881.25354,Low,ID_Commodity_oil
2034-06-18,sugar,760.04004,Low,ID_Commodity_oil
2034-06-19,sugar,860.2348,Low,ID_Commodity_oil
2034-06-20,sugar,775.3734,Low,ID_Commodity_oil
2034-06-21,oil,1703.1289,Low,ID_Commodity_oil
2034-06-22,wheat,705.2698,Low,ID_Commodity_oil
2034-06-23,oil,1625.4376,Low,ID_Commodity_oil
2034-06-24,wheat,766.92334,Low,ID_Commodity_oil
2034-06-25,sugar,1063.9545,High,ID_Commodity_oil
2034-06-26,wheat,669.46564,Low,ID_Commodity_oil
2034-06-27,oil,1697.2141,Low,ID_Commodity_oil
2034-06-28,oil,1871.6881,Med,ID_Commodity_oil
2034-06-29,wheat,649.32385,Low,ID_Commodity_oil
2034-06-30,sugar,837.5959,Low,ID_Commodity_oil
2034-07-01,sugar,758.04584,Low,ID_Commodity_oil
2034-07-02,oil,1722.2996,Low,ID_Commodity_oil
2034-07-03,wheat,721.96265,Low,ID_Commodity_oil
2034-07-04,sugar,782.3982,Low,ID_Commodity_oil
2034-07-05,sugar,906.5809,Low,ID_Commodity_oil
2034-07-06,oil,1621.3308,Low,ID_Commodity_oil
2034-07-07,sugar,773.8106,Low,ID_Commodity_oil
2034-07-08,wheat,665.92303,Low,ID_Commodity_oil
2034-07-09,oil,1585.8951,Low,ID_Commodity_oil
2034-07-10,oil,1640.792,Low,ID_Commodity_oil
2034-07-11,wheat,692.7648,Low,ID_Commodity_oil
2034-07-12,oil,1641.4884,Low,ID_Commodity_oil
2034-07-13,sugar,724.5784,Low,ID_Commodity_oil
2034-07-14,sugar,760.15594,Low,ID_Commodity_oil
2034-07-15,wheat,670.446,Low,ID_Commodity_oil
2034-07-16,sugar,868.4831,Low,ID_Commodity_oil
2034-07-17,wheat,573.21716,Low,ID_Commodity_oil
2034-07-18,wheat,568.5463,Low,ID_Commodity_oil
2034-07-19,sugar,746.8802,Low,ID_Commodity_oil
2034-07-20,wheat,704.59357,Low,ID_Commodity_oil
2034-07-21,sugar,737.1203,Low,ID_Commodity_oil
2034-07-22,oil,1624.3153,Low,ID_Commodity_oil
2034-07-23,oil,1583.2485,Low,ID_Commodity_oil
2034-07-24,wheat,660.3853,Low,ID_Commodity_oil
2034-07-25,sugar,740.4165,Low,ID_Commodity_oil
2034-07-26,sugar,878.7293,Low,ID_Commodity_oil
2034-07-27,oil,1606.1055,Low,ID_Commodity_oil
2034-07-28,oil,1601.9979,Low,ID_Commodity_oil
2034-07-29,sugar,682.901,Low,ID_Commodity_oil
2034-07-30,wheat,735.947,Low,ID_Commodity_oil
2034-07-31,oil,1596.0616,Low,ID_Commodity_oil
2034-08-01,wheat,596.4046,Low,ID_Commodity_oil
2034-08-02,wheat,666.16327,Low,ID_Commodity_oil
2034-08-03,oil,1548.3969,Low,ID_Commodity_oil
2034-08-04,wheat,612.1181,Low,ID_Commodity_oil
2034-08-05,wheat,615.4276,Low,ID_Commodity_oil
2034-08-06,sugar,731.8973,Low,ID_Commodity_oil
2034-08-07,wheat,566.74927,Low,ID_Commodity_oil
2034-08-08,sugar,755.64453,Low,ID_Commodity_oil
2034-08-09,oil,1589.5067,Low,ID_Commodity_oil
2034-08-10,oil,1549.4348,Low,ID_Commodity_oil
2034-08-11,sugar,725.7313,Low,ID_Commodity_oil
2034-08-12,oil,1537.4332,Low,ID_Commodity_oil
2034-08-13,wheat,587.55725,Low,ID_Commodity_oil
2034-08-14,wheat,565.74536,Low,ID_Commodity_oil
2034-08-15,wheat,602.31384,Low,ID_Commodity_oil
2034-08-16,oil,1549.2069,Low,ID_Commodity_oil
2034-08-17,wheat,572.75916,Low,ID_Commodity_oil
2034-08-18,oil,1615.2515,Low,ID_Commodity_oil
2034-08-19,wheat,589.34204,Low,ID_Commodity_oil
2034-08-20,sugar,755.9275,Low,ID_Commodity_oil
2034-08-21,oil,1542.6127,Low,ID_Commodity_oil
2034-08-22,oil,1587.771,Low,ID_Commodity_oil
2034-08-23,wheat,612.5062,Low,ID_Commodity_oil
2034-08-24,oil,1594.065,Low,ID_Commodity_oil
2034-08-25,oil,1568.4938,Low,ID_Commodity_oil
2034-08-26,sugar,791.54315,Low,ID_Commodity_oil
2034-08-27,sugar,813.5901,Low,ID_Commodity_oil
2034-08-28,wheat,546.8887,Low,ID_Commodity_oil
2034-08-29,sugar,699.3513,Low,ID_Commodity_oil
2034-08-30,wheat,566.6499,Low,ID_Commodity_oil
2034-08-31,wheat,583.9612,Low,ID_Commodity_oil
2034-09-01,wheat,574.8058,Low,ID_Commodity_oil
2034-09-02,oil,1523.2783,Low,ID_Commodity_oil
2034-09-03,sugar,756.76984,Low,ID_Commodity_oil
2034-09-04,wheat,591.2573,Low,ID_Commodity_oil
2034-09-05,sugar,678.98474,Low,ID_Commodity_oil
2034-09-06,wheat,687.4478,Low,ID_Commodity_oil
2034-09-07,sugar,795.8877,Low,ID_Commodity_oil
2034-09-08,sugar,764.2715,Low,ID_Commodity_oil
2034-09-09,wheat,581.01355,Low,ID_Commodity_oil
2034-09-10,oil,1527.6575,Low,ID_Commodity_oil
2034-09-11,sugar,743.3966,Low,ID_Commodity_oil
2034-09-12,oil,1629.7042,Low,ID_Commodity_oil
2034-09-13,oil,1510.5889,Low,ID_Commodity_oil
2034-09-14,wheat,581.5118,Low,ID_Commodity_oil
2034-09-15,wheat,568.9148,Low,ID_Commodity_oil
2034-09-16,wheat,540.8341,Low,ID_Commodity_oil
2034-09-17,sugar,779.8241,Low,ID_Commodity_oil
2034-09-18,wheat,620.7607,Low,ID_Commodity_oil
2034-09-19,wheat,575.0572,Low,ID_Commodity_oil
2034-09-20,sugar,781.8692,Low,ID_Commodity_oil
2034-09-21,sugar,715.023,Low,ID_Commodity_oil
2034-09-22,wheat,677.5504,Low,ID_Commodity_oil
2034-09-23,wheat,662.8436,Low,ID_Commodity_oil
2034-09-24,wheat,537.2173,Low,ID_Commodity_oil
2034-09-25,wheat,594.97705,Low,ID_Commodity_oil
2034-09-26,oil,1575.0358,Low,ID_Commodity_oil
2034-09-27,oil,1507.1382,Low,ID_Commodity_oil
2034-09-28,wheat,635.0774,Low,ID_Commodity_oil
2034-09-29,oil,1489.0447,Low,ID_Commodity_oil
2034-09-30,sugar,714.27686,Low,ID_Commodity_oil
2034-10-01,oil,1569.4441,Low,ID_Commodity_oil
2034-10-02,oil,1513.938,Low,ID_Commodity_oil
2034-10-03,wheat,562.4417,Low,ID_Commodity_oil
2034-10-04,oil,1581.3452,Low,ID_Commodity_oil
2034-10-05,oil,1600.0304,Low,ID_Commodity_oil
2034-10-06,oil,1531.9841,Low,ID_Commodity_oil
2034-10-07,oil,1611.3612,Low,ID_Commodity_oil
2034-10-08,sugar,767.7497,Low,ID_Commodity_oil
2034-10-09,wheat,570.7775,Low,ID_Commodity_oil
2034-10-10,wheat,633.3117,Low,ID_Commodity_oil
2034-10-11,sugar,665.4556,Low,ID_Commodity_oil
2034-10-12,oil,1582.83,Low,ID_Commodity_oil
2034-10-13,sugar,929.59863,Low,ID_Commodity_oil
2034-10-14,oil,1541.1593,Low,ID_Commodity_oil
2034-10-15,sugar,785.26526,Low,ID_Commodity_oil
2034-10-16,wheat,662.4977,Low,ID_Commodity_oil
2034-10-17,wheat,862.98364,High,ID_Commodity_oil
2034-10-18,wheat,729.5551,Low,ID_Commodity_oil
2034-10-19,oil,1536.6445,Low,ID_Commodity_oil
2034-10-20,oil,1547.5396,Low,ID_Commodity_oil
2034-10-21,sugar,724.38965,Low,ID_Commodity_oil
2034-10-22,sugar,739.2812,Low,ID_Commodity_oil
2034-10-23,wheat,529.3218,Low,ID_Commodity_oil
2034-10-24,oil,1743.1434,Low,ID_Commodity_oil
2034-10-25,sugar,752.2795,Low,ID_Commodity_oil
2034-10-26,oil,1560.7026,Low,ID_Commodity_oil
2034-10-27,oil,1572.2501,Low,ID_Commodity_oil
2034-10-28,wheat,516.55914,Low,ID_Commodity_oil
2034-10-29,wheat,559.19006,Low,ID_Commodity_oil
2034-10-30,oil,1543.9609,Low,ID_Commodity_oil
2034-10-31,oil,1543.351,Low,ID_Commodity_oil
2034-11-01,oil,1594.1018,Low,ID_Commodity_oil
2034-11-02,oil,1539.8865,Low,ID_Commodity_oil
2034-11-03,wheat,632.99927,Low,ID_Commodity_oil
2034-11-04,sugar,745.86847,Low,ID_Commodity_oil
2034-11-05,wheat,565.4006,Low,ID_Commodity_oil
2034-11-06,sugar,779.93774,Low,ID_Commodity_oil
2034-11-07,oil,1599.3771,Low,ID_Commodity_oil
2034-11-08,sugar,713.3406,Low,ID_Commodity_oil
2034-11-09,wheat,676.4905,Low,ID_Commodity_oil
2034-11-10,wheat,607.8119,Low,ID_Commodity_oil
2034-11-11,oil,1531.2855,Low,ID_Commodity_oil
2034-11-12,wheat,586.1435,Low,ID_Commodity_oil
2034-11-13,oil,1628.5079,Low,ID_Commodity_oil
2034-11-14,wheat,620.106,Low,ID_Commodity_oil
2034-11-15,wheat,525.8708,Low,ID_Commodity_oil
2034-11-16,oil,1557.9891,Low,ID_Commodity_oil
2034-11-17,sugar,902.666,Low,ID_Commodity_oil
2034-11-18,wheat,580.39874,Low,ID_Commodity_oil
2034-11-19,sugar,918.3789,Low,ID_Commodity_oil
2034-11-20,wheat,688.19025,Low,ID_Commodity_oil
2034-11-21,wheat,680.53064,Low,ID_Commodity_oil
2034-11-22,wheat,599.6836,Low,ID_Commodity_oil
2034-11-23,wheat,627.83826,Low,ID_Commodity_oil
2034-11-24,sugar,849.79,Low,ID_Commodity_oil
2034-11-25,sugar,784.8099,Low,ID_Commodity_oil
2034-11-26,wheat,898.2548,High,ID_Commodity_oil
2034-11-27,wheat,721.9779,Low,ID_Commodity_oil
2034-11-28,sugar,743.2078,Low,ID_Commodity_oil
2034-11-29,oil,1582.9136,Low,ID_Commodity_oil
2034-11-30,oil,1473.5133,Low,ID_Commodity_oil
2034-12-01,sugar,781.44025,Low,ID_Commodity_oil
2034-12-02,wheat,620.928,Low,ID_Commodity_oil
2034-12-03,wheat,601.0701,Low,ID_Commodity_oil
2034-12-04,oil,1625.1646,Low,ID_Commodity_oil
2034-12-05,oil,1630.3656,Low,ID_Commodity_oil
2034-12-06,sugar,910.5627,Low,ID_Commodity_oil
2034-12-07,oil,1727.2614,Low,ID_Commodity_oil
2034-12-08,sugar,831.3943,Low,ID_Commodity_oil
2034-12-09,oil,1622.9077,Low,ID_Commodity_oil
2034-12-10,oil,1646.4946,Low,ID_Commodity_oil
2034-12-11,oil,1544.2043,Low,ID_Commodity_oil
2034-12-12,wheat,664.0803,Low,ID_Commodity_oil
2034-12-13,wheat,855.8202,Med,ID_Commodity_oil
2034-12-14,wheat,685.8478,Low,ID_Commodity_oil
2034-12-15,oil,1663.351,Low,ID_Commodity_oil
2034-12-16,sugar,865.8729,Low,ID_Commodity_oil
2034-12-17,sugar,877.78503,Low,ID_Commodity_oil
2034-12-18,sugar,846.732,Low,ID_Commodity_oil
2034-12-19,sugar,865.3856,Low,ID_Commodity_oil
2034-12-20,wheat,727.64594,Low,ID_Commodity_oil
2034-12-21,wheat,646.32104,Low,ID_Commodity_oil
2034-12-22,oil,1637.3507,Low,ID_Commodity_oil
2034-12-23,oil,1626.1234,Low,ID_Commodity_oil
2034-12-24,sugar,869.18054,Low,ID_Commodity_oil
2034-12-25,wheat,622.001,Low,ID_Commodity_oil
2034-12-26,sugar,963.9889,Med,ID_Commodity_oil
2034-12-27,oil,1600.8762,Low,ID_Commodity_oil
2034-12-28,oil,1624.6853,Low,ID_Commodity_oil
2034-12-29,sugar,857.6693,Low,ID_Commodity_oil
2034-12-30,oil,1703.279,Low,ID_Commodity_oil
2034-12-31,sugar,773.7642,Low,ID_Commodity_oil
2035-01-01,wheat,677.28314,Low,ID_Commodity_oil
2035-01-02,sugar,827.31146,Low,ID_Commodity_oil
2035-01-03,wheat,600.4723,Low,ID_Commodity_oil
2035-01-04,wheat,734.1448,Low,ID_Commodity_oil
2035-01-05,oil,1648.2236,Low,ID_Commodity_oil
2035-01-06,oil,1623.5946,Low,ID_Commodity_oil
2035-01-07,oil,1651.2717,Low,ID_Commodity_oil
2035-01-08,sugar,908.8751,Low,ID_Commodity_oil
2035-01-09,sugar,874.3239,Low,ID_Commodity_oil
2035-01-10,oil,1936.041,Med,ID_Commodity_oil
2035-01-11,sugar,874.0463,Low,ID_Commodity_oil
2035-01-12,oil,1695.864,Low,ID_Commodity_oil
2035-01-13,sugar,869.3396,Low,ID_Commodity_oil
2035-01-14,wheat,675.83777,Low,ID_Commodity_oil
2035-01-15,wheat,744.9112,Low,ID_Commodity_oil
2035-01-16,oil,1717.0891,Low,ID_Commodity_oil
2035-01-17,sugar,880.30066,Low,ID_Commodity_oil
2035-01-18,sugar,898.31305,Low,ID_Commodity_oil
2035-01-19,wheat,735.9075,Low,ID_Commodity_oil
2035-01-20,wheat,668.32544,Low,ID_Commodity_oil
2035-01-21,oil,1732.4296,Low,ID_Commodity_oil
2035-01-22,wheat,823.7726,Med,ID_Commodity_oil
2035-01-23,oil,1748.8022,Low,ID_Commodity_oil
2035-01-24,wheat,764.54565,Low,ID_Commodity_oil
2035-01-25,wheat,744.8513,Low,ID_Commodity_oil
2035-01-26,sugar,963.2444,Med,ID_Commodity_oil
2035-01-27,wheat,995.88196,High,ID_Commodity_oil
2035-01-28,wheat,681.47,Low,ID_Commodity_oil
2035-01-29,oil,1667.178,Low,ID_Commodity_oil
2035-01-30,wheat,689.37335,Low,ID_Commodity_oil
2035-01-31,oil,1670.2273,Low,ID_Commodity_oil
2035-02-01,wheat,767.86865,Low,ID_Commodity_oil
2035-02-02,wheat,779.5258,Low,ID_Commodity_oil
2035-02-03,oil,1685.2428,Low,ID_Commodity_oil
2035-02-04,sugar,977.7057,Med,ID_Commodity_oil
2035-02-05,oil,1739.7645,Low,ID_Commodity_oil
2035-02-06,oil,1773.5238,Low,ID_Commodity_oil
2035-02-07,oil,1788.6466,Low,ID_Commodity_oil
2035-02-08,sugar,1170.6111,High,ID_Commodity_oil
2035-02-09,wheat,897.9156,High,ID_Commodity_oil
2035-02-10,oil,1731.172,Low,ID_Commodity_oil
2035-02-11,oil,1746.4159,Low,ID_Commodity_oil
2035-02-12,sugar,946.5372,Low,ID_Commodity_oil
2035-02-13,oil,1752.2416,Low,ID_Commodity_oil
2035-02-14,wheat,784.5561,Low,ID_Commodity_oil
2035-02-15,sugar,910.1764,Low,ID_Commodity_oil
2035-02-16,wheat,676.1189,Low,ID_Commodity_oil
2035-02-17,wheat,776.3313,Low,ID_Commodity_oil
2035-02-18,sugar,944.9139,Low,ID_Commodity_oil
2035-02-19,oil,1700.2325,Low,ID_Commodity_oil
2035-02-20,wheat,794.2732,Med,ID_Commodity_oil
2035-02-21,wheat,815.36127,Med,ID_Commodity_oil
2035-02-22,wheat,722.2289,Low,ID_Commodity_oil
2035-02-23,wheat,773.332,Low,ID_Commodity_oil
2035-02-24,sugar,936.346,Low,ID_Commodity_oil
2035-02-25,sugar,1097.7744,High,ID_Commodity_oil
2035-02-26,wheat,776.8762,Low,ID_Commodity_oil
2035-02-27,oil,1758.2716,Low,ID_Commodity_oil
2035-02-28,wheat,831.0642,Med,ID_Commodity_oil
2035-03-01,oil,1767.1752,Low,ID_Commodity_oil
2035-03-02,wheat,869.4487,High,ID_Commodity_oil
2035-03-03,oil,1720.3431,Low,ID_Commodity_oil
2035-03-04,wheat,829.4285,Med,ID_Commodity_oil
2035-03-05,oil,1777.9604,Low,ID_Commodity_oil
2035-03-06,wheat,807.4779,Med,ID_Commodity_oil
2035-03-07,wheat,754.4794,Low,ID_Commodity_oil
2035-03-08,oil,1735.445,Low,ID_Commodity_oil
2035-03-09,sugar,966.3786,Med,ID_Commodity_oil
2035-03-10,oil,1754.9083,Low,ID_Commodity_oil
2035-03-11,sugar,1104.2767,High,ID_Commodity_oil
2035-03-12,wheat,851.4335,Med,ID_Commodity_oil
2035-03-13,oil,1667.2424,Low,ID_Commodity_oil
2035-03-14,oil,1738.4595,Low,ID_Commodity_oil
2035-03-15,oil,1752.491,Low,ID_Commodity_oil
2035-03-16,sugar,995.4808,Med,ID_Commodity_oil
2035-03-17,sugar,964.54474,Med,ID_Commodity_oil
2035-03-18,wheat,890.7565,High,ID_Commodity_oil
2035-03-19,sugar,971.65155,Med,ID_Commodity_oil
2035-03-20,sugar,1005.2124,Med,ID_Commodity_oil
2035-03-21,wheat,754.1687,Low,ID_Commodity_oil
2035-03-22,oil,1716.6913,Low,ID_Commodity_oil
2035-03-23,oil,1748.973,Low,ID_Commodity_oil
2035-03-24,wheat,896.47485,High,ID_Commodity_oil
2035-03-25,oil,1746.0074,Low,ID_Commodity_oil
2035-03-26,sugar,1044.5918,High,ID_Commodity_oil
2035-03-27,wheat,798.3234,Med,ID_Commodity_oil
2035-03-28,wheat,746.64844,Low,ID_Commodity_oil
2035-03-29,wheat,706.8982,Low,ID_Commodity_oil
2035-03-30,oil,1731.2794,Low,ID_Commodity_oil
2035-03-31,wheat,771.4936,Low,ID_Commodity_oil
2035-04-01,wheat,761.096,Low,ID_Commodity_oil
2035-04-02,wheat,786.25305,Low,ID_Commodity_oil
2035-04-03,oil,1723.9945,Low,ID_Commodity_oil
2035-04-04,sugar,901.3083,Low,ID_Commodity_oil
2035-04-05,wheat,823.1007,Med,ID_Commodity_oil
2035-04-06,sugar,912.4693,Low,ID_Commodity_oil
2035-04-07,oil,1749.1506,Low,ID_Commodity_oil
2035-04-08,oil,1727.665,Low,ID_Commodity_oil
2035-04-09,oil,1749.4208,Low,ID_Commodity_oil
2035-04-10,oil,1752.7931,Low,ID_Commodity_oil
2035-04-11,sugar,949.0639,Low,ID_Commodity_oil
2035-04-12,wheat,819.62225,Med,ID_Commodity_oil
2035-04-13,oil,1718.6298,Low,ID_Commodity_oil
2035-04-14,oil,1641.4895,Low,ID_Commodity_oil
2035-04-15,sugar,983.07996,Med,ID_Commodity_oil
2035-04-16,sugar,994.66705,Med,ID_Commodity_oil
2035-04-17,oil,1760.386,Low,ID_Commodity_oil
2035-04-18,wheat,765.9007,Low,ID_Commodity_oil
2035-04-19,wheat,839.7615,Med,ID_Commodity_oil
2035-04-20,oil,1727.0573,Low,ID_Commodity_oil
2035-04-21,sugar,929.9079,Low,ID_Commodity_oil
2035-04-22,oil,1757.0181,Low,ID_Commodity_oil
2035-04-23,oil,1709.5835,Low,ID_Commodity_oil
2035-04-24,sugar,932.1771,Low,ID_Commodity_oil
2035-04-25,oil,1707.9663,Low,ID_Commodity_oil
2035-04-26,oil,1755.7367,Low,ID_Commodity_oil
2035-04-27,oil,1763.9961,Low,ID_Commodity_oil
2035-04-28,sugar,939.68915,Low,ID_Commodity_oil
2035-04-29,wheat,839.8572,Med,ID_Commodity_oil
2035-04-30,wheat,689.5357,Low,ID_Commodity_oil
2035-05-01,sugar,932.4042,Low,ID_Commodity_oil
2035-05-02,wheat,694.29193,Low,ID_Commodity_oil
2035-05-03,oil,1737.2616,Low,ID_Commodity_oil
2035-05-04,wheat,760.32294,Low,ID_Commodity_oil
2035-05-05,oil,1745.0006,Low,ID_Commodity_oil
2035-05-06,wheat,745.89923,Low,ID_Commodity_oil
2035-05-07,sugar,969.94684,Med,ID_Commodity_oil
2035-05-08,wheat,753.23065,Low,ID_Commodity_oil
2035-05-09,wheat,824.83813,Med,ID_Commodity_oil
2035-05-10,wheat,766.4414,Low,ID_Commodity_oil
2035-05-11,sugar,940.9017,Low,ID_Commodity_oil
2035-05-12,wheat,764.5198,Low,ID_Commodity_oil
2035-05-13,sugar,952.4658,Med,ID_Commodity_oil
2035-05-14,oil,1770.2646,Low,ID_Commodity_oil
2035-05-15,wheat,785.96094,Low,ID_Commodity_oil
2035-05-16,sugar,922.77423,Low,ID_Commodity_oil
2035-05-17,sugar,849.616,Low,ID_Commodity_oil
2035-05-18,wheat,761.2477,Low,ID_Commodity_oil
2035-05-19,oil,1733.1895,Low,ID_Commodity_oil
2035-05-20,sugar,979.6038,Med,ID_Commodity_oil
2035-05-21,wheat,760.51465,Low,ID_Commodity_oil
2035-05-22,oil,1717.183,Low,ID_Commodity_oil
2035-05-23,sugar,861.9673,Low,ID_Commodity_oil
2035-05-24,sugar,909.1591,Low,ID_Commodity_oil
2035-05-25,oil,1731.818,Low,ID_Commodity_oil
2035-05-26,oil,1726.6898,Low,ID_Commodity_oil
2035-05-27,wheat,766.8243,Low,ID_Commodity_oil
2035-05-28,wheat,789.33105,Med,ID_Commodity_oil
2035-05-29,sugar,853.5309,Low,ID_Commodity_oil
2035-05-30,oil,1618.5017,Low,ID_Commodity_oil
2035-05-31,oil,1728.3788,Low,ID_Commodity_oil
2035-06-01,oil,1711.0289,Low,ID_Commodity_oil
2035-06-02,sugar,816.9253,Low,ID_Commodity_oil
2035-06-03,oil,1649.2185,Low,ID_Commodity_oil
2035-06-04,oil,1646.1124,Low,ID_Commodity_oil
2035-06-05,sugar,929.7104,Low,ID_Commodity_oil
2035-06-06,wheat,667.4875,Low,ID_Commodity_oil
2035-06-07,wheat,733.6316,Low,ID_Commodity_oil
2035-06-08,sugar,904.78705,Low,ID_Commodity_oil
2035-06-09,oil,1709.7119,Low,ID_Commodity_oil
2035-06-10,sugar,1050.3717,High,ID_Commodity_oil
2035-06-11,wheat,739.28394,Low,ID_Commodity_oil
2035-06-12,wheat,755.3073,Low,ID_Commodity_oil
2035-06-13,sugar,852.9762,Low,ID_Commodity_oil
2035-06-14,sugar,851.8854,Low,ID_Commodity_oil
2035-06-15,wheat,789.79956,Med,ID_Commodity_oil
2035-06-16,sugar,914.56024,Low,ID_Commodity_oil
2035-06-17,wheat,724.5343,Low,ID_Commodity_oil
2035-06-18,sugar,1028.0151,Med,ID_Commodity_oil
2035-06-19,sugar,1019.5121,Med,ID_Commodity_oil
2035-06-20,sugar,859.11053,Low,ID_Commodity_oil
2035-06-21,wheat,731.99164,Low,ID_Commodity_oil
2035-06-22,sugar,797.3727,Low,ID_Commodity_oil
2035-06-23,wheat,688.94604,Low,ID_Commodity_oil
2035-06-24,wheat,630.96576,Low,ID_Commodity_oil
2035-06-25,sugar,908.50525,Low,ID_Commodity_oil
2035-06-26,sugar,833.57367,Low,ID_Commodity_oil
2035-06-27,wheat,635.1785,Low,ID_Commodity_oil
2035-06-28,wheat,677.0866,Low,ID_Commodity_oil
2035-06-29,oil,1634.6377,Low,ID_Commodity_oil
2035-06-30,wheat,734.0193,Low,ID_Commodity_oil
2035-07-01,oil,1729.8606,Low,ID_Commodity_oil
2035-07-02,oil,1604.293,Low,ID_Commodity_oil
2035-07-03,oil,1689.2266,Low,ID_Commodity_oil
2035-07-04,sugar,850.5489,Low,ID_Commodity_oil
2035-07-05,sugar,809.771,Low,ID_Commodity_oil
2035-07-06,wheat,685.7626,Low,ID_Commodity_oil
2035-07-07,oil,1597.6855,Low,ID_Commodity_oil
2035-07-08,sugar,859.0142,Low,ID_Commodity_oil
2035-07-09,sugar,855.3159,Low,ID_Commodity_oil
2035-07-10,sugar,917.4603,Low,ID_Commodity_oil
2035-07-11,sugar,790.1917,Low,ID_Commodity_oil
2035-07-12,sugar,858.7849,Low,ID_Commodity_oil
2035-07-13,oil,1571.8943,Low,ID_Commodity_oil
2035-07-14,oil,1603.2079,Low,ID_Commodity_oil
2035-07-15,oil,1586.1731,Low,ID_Commodity_oil
2035-07-16,oil,1878.2473,Med,ID_Commodity_oil
2035-07-17,wheat,677.64874,Low,ID_Commodity_oil
2035-07-18,oil,1557.1195,Low,ID_Commodity_oil
2035-07-19,sugar,881.3859,Low,ID_Commodity_oil
2035-07-20,oil,1915.183,Med,ID_Commodity_oil
2035-07-21,wheat,737.1208,Low,ID_Commodity_oil
2035-07-22,sugar,875.97174,Low,ID_Commodity_oil
2035-07-23,oil,1630.291,Low,ID_Commodity_oil
2035-07-24,oil,1608.3981,Low,ID_Commodity_oil
2035-07-25,oil,1574.82,Low,ID_Commodity_oil
2035-07-26,sugar,770.45996,Low,ID_Commodity_oil
2035-07-27,sugar,837.45435,Low,ID_Commodity_oil
2035-07-28,wheat,924.72705,High,ID_Commodity_oil
2035-07-29,sugar,762.09717,Low,ID_Commodity_oil
2035-07-30,sugar,723.41327,Low,ID_Commodity_oil
2035-07-31,oil,1660.103,Low,ID_Commodity_oil
2035-08-01,sugar,728.7132,Low,ID_Commodity_oil
2035-08-02,oil,1619.0664,Low,ID_Commodity_oil
2035-08-03,oil,1620.5801,Low,ID_Commodity_oil
2035-08-04,sugar,750.39655,Low,ID_Commodity_oil
2035-08-05,wheat,825.3788,Med,ID_Commodity_oil
2035-08-06,wheat,637.2668,Low,ID_Commodity_oil
2035-08-07,sugar,755.2008,Low,ID_Commodity_oil
2035-08-08,wheat,641.17993,Low,ID_Commodity_oil
2035-08-09,oil,1577.7405,Low,ID_Commodity_oil
2035-08-10,oil,1627.9608,Low,ID_Commodity_oil
2035-08-11,sugar,714.47986,Low,ID_Commodity_oil
2035-08-12,wheat,688.3093,Low,ID_Commodity_oil
2035-08-13,wheat,597.91174,Low,ID_Commodity_oil
2035-08-14,oil,1591.2689,Low,ID_Commodity_oil
2035-08-15,sugar,747.5932,Low,ID_Commodity_oil
2035-08-16,wheat,579.0645,Low,ID_Commodity_oil
2035-08-17,sugar,828.36444,Low,ID_Commodity_oil
2035-08-18,wheat,697.544,Low,ID_Commodity_oil
2035-08-19,oil,1600.8661,Low,ID_Commodity_oil
2035-08-20,oil,1607.122,Low,ID_Commodity_oil
2035-08-21,sugar,850.0363,Low,ID_Commodity_oil
2035-08-22,oil,1624.7736,Low,ID_Commodity_oil
2035-08-23,wheat,611.0213,Low,ID_Commodity_oil
2035-08-24,oil,1693.6042,Low,ID_Commodity_oil
2035-08-25,sugar,843.9507,Low,ID_Commodity_oil
2035-08-26,sugar,765.3977,Low,ID_Commodity_oil
2035-08-27,sugar,785.0925,Low,ID_Commodity_oil
2035-08-28,wheat,623.40106,Low,ID_Commodity_oil
2035-08-29,wheat,660.8384,Low,ID_Commodity_oil
2035-08-30,wheat,674.5551,Low,ID_Commodity_oil
2035-08-31,wheat,577.2759,Low,ID_Commodity_oil
2035-09-01,wheat,676.93646,Low,ID_Commodity_oil
2035-09-02,oil,1665.679,Low,ID_Commodity_oil
2035-09-03,wheat,597.2846,Low,ID_Commodity_oil
2035-09-04,wheat,564.5475,Low,ID_Commodity_oil
2035-09-05,oil,1589.8397,Low,ID_Commodity_oil
2035-09-06,wheat,603.9806,Low,ID_Commodity_oil
2035-09-07,sugar,718.7677,Low,ID_Commodity_oil
2035-09-08,wheat,600.42834,Low,ID_Commodity_oil
2035-09-09,wheat,595.70795,Low,ID_Commodity_oil
2035-09-10,sugar,769.73425,Low,ID_Commodity_oil
2035-09-11,sugar,757.71265,Low,ID_Commodity_oil
2035-09-12,sugar,751.34235,Low,ID_Commodity_oil
2035-09-13,sugar,759.9055,Low,ID_Commodity_oil
2035-09-14,wheat,528.5629,Low,ID_Commodity_oil
2035-09-15,sugar,751.35254,Low,ID_Commodity_oil
2035-09-16,sugar,706.659,Low,ID_Commodity_oil
2035-09-17,oil,1591.5018,Low,ID_Commodity_oil
2035-09-18,sugar,708.4338,Low,ID_Commodity_oil
2035-09-19,sugar,764.1341,Low,ID_Commodity_oil
2035-09-20,oil,1507.0657,Low,ID_Commodity_oil
2035-09-21,oil,1584.6257,Low,ID_Commodity_oil
2035-09-22,wheat,557.73773,Low,ID_Commodity_oil
2035-09-23,oil,1528.0212,Low,ID_Commodity_oil
2035-09-24,wheat,588.71893,Low,ID_Commodity_oil
2035-09-25,oil,1564.4894,Low,ID_Commodity_oil
2035-09-26,oil,1566.653,Low,ID_Commodity_oil
2035-09-27,wheat,614.9541,Low,ID_Commodity_oil
2035-09-28,oil,1662.5796,Low,ID_Commodity_oil
2035-09-29,wheat,588.76715,Low,ID_Commodity_oil
2035-09-30,oil,1557.5973,Low,ID_Commodity_oil
2035-10-01,sugar,769.7605,Low,ID_Commodity_oil
2035-10-02,oil,1481.2571,Low,ID_Commodity_oil
2035-10-03,wheat,603.07996,Low,ID_Commodity_oil
2035-10-04,oil,1494.6818,Low,ID_Commodity_oil
2035-10-05,wheat,547.0803,Low,ID_Commodity_oil
2035-10-06,wheat,553.8298,Low,ID_Commodity_oil
2035-10-07,sugar,712.67816,Low,ID_Commodity_oil
2035-10-08,sugar,716.95844,Low,ID_Commodity_oil
2035-10-09,wheat,565.24664,Low,ID_Commodity_oil
2035-10-10,oil,1827.5409,Low,ID_Commodity_oil
2035-10-11,wheat,609.31445,Low,ID_Commodity_oil
2035-10-12,wheat,615.78015,Low,ID_Commodity_oil
2035-10-13,oil,1550.7454,Low,ID_Commodity_oil
2035-10-14,oil,1528.4136,Low,ID_Commodity_oil
2035-10-15,oil,1531.6946,Low,ID_Commodity_oil
2035-10-16,oil,1556.4589,Low,ID_Commodity_oil
2035-10-17,wheat,747.44464,Low,ID_Commodity_oil
2035-10-18,wheat,613.878,Low,ID_Commodity_oil
2035-10-19,sugar,887.32684,Low,ID_Commodity_oil
2035-10-20,wheat,561.1572,Low,ID_Commodity_oil
2035-10-21,oil,1578.3569,Low,ID_Commodity_oil
2035-10-22,sugar,873.8784,Low,ID_Commodity_oil
2035-10-23,oil,1533.3082,Low,ID_Commodity_oil
2035-10-24,wheat,672.34955,Low,ID_Commodity_oil
2035-10-25,sugar,869.86755,Low,ID_Commodity_oil
2035-10-26,oil,1559.4926,Low,ID_Commodity_oil
2035-10-27,sugar,744.285,Low,ID_Commodity_oil
2035-10-28,sugar,709.4697,Low,ID_Commodity_oil
2035-10-29,wheat,563.88916,Low,ID_Commodity_oil
2035-10-30,oil,1580.1515,Low,ID_Commodity_oil
2035-10-31,sugar,757.381,Low,ID_Commodity_oil
2035-11-01,sugar,740.14655,Low,ID_Commodity_oil
2035-11-02,oil,1587.5477,Low,ID_Commodity_oil
2035-11-03,sugar,684.0498,Low,ID_Commodity_oil
2035-11-04,sugar,742.7843,Low,ID_Commodity_oil
2035-11-05,sugar,765.66,Low,ID_Commodity_oil
2035-11-06,oil,1564.3655,Low,ID_Commodity_oil
2035-11-07,oil,1573.4313,Low,ID_Commodity_oil
2035-11-08,oil,1595.4302,Low,ID_Commodity_oil
2035-11-09,oil,1552.966,Low,ID_Commodity_oil
2035-11-10,wheat,730.23816,Low,ID_Commodity_oil
2035-11-11,sugar,799.87604,Low,ID_Commodity_oil
2035-11-12,oil,1758.3164,Low,ID_Commodity_oil
2035-11-13,sugar,736.6196,Low,ID_Commodity_oil
2035-11-14,sugar,767.0719,Low,ID_Commodity_oil
2035-11-15,wheat,612.4241,Low,ID_Commodity_oil
2035-11-16,oil,1588.5758,Low,ID_Commodity_oil
2035-11-17,oil,1596.0732,Low,ID_Commodity_oil
2035-11-18,sugar,764.25433,Low,ID_Commodity_oil
2035-11-19,oil,1551.7446,Low,ID_Commodity_oil
2035-11-20,sugar,740.8712,Low,ID_Commodity_oil
2035-11-21,sugar,729.47614,Low,ID_Commodity_oil
2035-11-22,wheat,663.37036,Low,ID_Commodity_oil
2035-11-23,wheat,722.879,Low,ID_Commodity_oil
2035-11-24,wheat,615.0203,Low,ID_Commodity_oil
2035-11-25,sugar,836.0131,Low,ID_Commodity_oil
2035-11-26,oil,1601.2458,Low,ID_Commodity_oil
2035-11-27,wheat,601.9769,Low,ID_Commodity_oil
2035-11-28,oil,1629.7179,Low,ID_Commodity_oil
2035-11-29,wheat,701.70264,Low,ID_Commodity_oil
2035-11-30,wheat,680.4935,Low,ID_Commodity_oil
2035-12-01,sugar,807.3979,Low,ID_Commodity_oil
2035-12-02,wheat,617.4624,Low,ID_Commodity_oil
2035-12-03,wheat,598.74005,Low,ID_Commodity_oil
2035-12-04,sugar,774.4154,Low,ID_Commodity_oil
2035-12-05,oil,1727.5559,Low,ID_Commodity_oil
2035-12-06,wheat,678.5521,Low,ID_Commodity_oil
2035-12-07,sugar,909.43567,Low,ID_Commodity_oil
2035-12-08,wheat,771.91724,Low,ID_Commodity_oil
2035-12-09,sugar,836.4413,Low,ID_Commodity_oil
2035-12-10,oil,1593.3878,Low,ID_Commodity_oil
2035-12-11,oil,1624.4572,Low,ID_Commodity_oil
2035-12-12,sugar,762.6494,Low,ID_Commodity_oil
2035-12-13,sugar,788.727,Low,ID_Commodity_oil
2035-12-14,sugar,859.2982,Low,ID_Commodity_oil
2035-12-15,oil,1615.7633,Low,ID_Commodity_oil
2035-12-16,wheat,688.11176,Low,ID_Commodity_oil
2035-12-17,oil,1692.0482,Low,ID_Commodity_oil
2035-12-18,sugar,779.8911,Low,ID_Commodity_oil
2035-12-19,sugar,866.82336,Low,ID_Commodity_oil
2035-12-20,oil,1589.5243,Low,ID_Commodity_oil
2035-12-21,sugar,859.7058,Low,ID_Commodity_oil
2035-12-22,oil,1768.6582,Low,ID_Commodity_oil
2035-12-23,sugar,834.20996,Low,ID_Commodity_oil
2035-12-24,wheat,761.96967,Low,ID_Commodity_oil
2035-12-25,wheat,730.97473,Low,ID_Commodity_oil
2035-12-26,sugar,763.0675,Low,ID_Commodity_oil
2035-12-27,oil,1609.6685,Low,ID_Commodity_oil
2035-12-28,wheat,733.4028,Low,ID_Commodity_oil
2035-12-29,oil,1637.7748,Low,ID_Commodity_oil
2035-12-30,sugar,992.0247,Med,ID_Commodity_oil
2035-12-31,oil,1618.5432,Low,ID_Commodity_oil
2036-01-01,wheat,725.6535,Low,ID_Commodity_oil
2036-01-02,oil,1640.0651,Low,ID_Commodity_oil
2036-01-03,oil,1650.1761,Low,ID_Commodity_oil
2036-01-04,sugar,923.5393,Low,ID_Commodity_oil
2036-01-05,sugar,997.4286,Med,ID_Commodity_oil
2036-01-06,sugar,755.50964,Low,ID_Commodity_oil
2036-01-07,wheat,670.0816,Low,ID_Commodity_oil
2036-01-08,wheat,734.58325,Low,ID_Commodity_oil
2036-01-09,sugar,915.6616,Low,ID_Commodity_oil
2036-01-10,sugar,930.76215,Low,ID_Commodity_oil
2036-01-11,wheat,772.9676,Low,ID_Commodity_oil
2036-01-12,wheat,722.1319,Low,ID_Commodity_oil
2036-01-13,wheat,676.54816,Low,ID_Commodity_oil
2036-01-14,wheat,738.9657,Low,ID_Commodity_oil
2036-01-15,sugar,820.06885,Low,ID_Commodity_oil
2036-01-16,wheat,726.5078,Low,ID_Commodity_oil
2036-01-17,sugar,851.2746,Low,ID_Commodity_oil
2036-01-18,oil,1912.999,Med,ID_Commodity_oil
2036-01-19,oil,1658.8385,Low,ID_Commodity_oil
2036-01-20,wheat,678.23346,Low,ID_Commodity_oil
2036-01-21,oil,1770.8679,Low,ID_Commodity_oil
2036-01-22,oil,1631.5177,Low,ID_Commodity_oil
2036-01-23,oil,1657.1653,Low,ID_Commodity_oil
2036-01-24,wheat,736.3905,Low,ID_Commodity_oil
2036-01-25,wheat,734.1762,Low,ID_Commodity_oil
2036-01-26,oil,1716.4084,Low,ID_Commodity_oil
2036-01-27,sugar,912.706,Low,ID_Commodity_oil
2036-01-28,oil,1743.2302,Low,ID_Commodity_oil
2036-01-29,wheat,707.3116,Low,ID_Commodity_oil
2036-01-30,wheat,858.3511,Med,ID_Commodity_oil
2036-01-31,wheat,718.1986,Low,ID_Commodity_oil
2036-02-01,oil,1769.6921,Low,ID_Commodity_oil
2036-02-02,sugar,917.6072,Low,ID_Commodity_oil
2036-02-03,wheat,1002.1136,High,ID_Commodity_oil
2036-02-04,wheat,798.52606,Med,ID_Commodity_oil
2036-02-05,oil,1728.0494,Low,ID_Commodity_oil
2036-02-06,sugar,966.8423,Med,ID_Commodity_oil
2036-02-07,oil,1708.4513,Low,ID_Commodity_oil
2036-02-08,wheat,707.63403,Low,ID_Commodity_oil
2036-02-09,sugar,982.3602,Med,ID_Commodity_oil
2036-02-10,sugar,873.52673,Low,ID_Commodity_oil
2036-02-11,wheat,785.2872,Low,ID_Commodity_oil
2036-02-12,sugar,931.988,Low,ID_Commodity_oil
2036-02-13,sugar,964.6911,Med,ID_Commodity_oil
2036-02-14,oil,1663.4983,Low,ID_Commodity_oil
2036-02-15,wheat,762.64606,Low,ID_Commodity_oil
2036-02-16,wheat,729.493,Low,ID_Commodity_oil
2036-02-17,wheat,708.3139,Low,ID_Commodity_oil
2036-02-18,wheat,776.24963,Low,ID_Commodity_oil
2036-02-19,wheat,833.335,Med,ID_Commodity_oil
2036-02-20,sugar,976.70306,Med,ID_Commodity_oil
2036-02-21,oil,1750.4148,Low,ID_Commodity_oil
2036-02-22,wheat,811.0266,Med,ID_Commodity_oil
2036-02-23,oil,1727.848,Low,ID_Commodity_oil
2036-02-24,oil,1649.582,Low,ID_Commodity_oil
2036-02-25,sugar,979.537,Med,ID_Commodity_oil
2036-02-26,wheat,823.17664,Med,ID_Commodity_oil
2036-02-27,sugar,979.89526,Med,ID_Commodity_oil
2036-02-28,wheat,1015.50433,High,ID_Commodity_oil
2036-02-29,sugar,943.7054,Low,ID_Commodity_oil
2036-03-01,oil,1730.5614,Low,ID_Commodity_oil
2036-03-02,wheat,767.2594,Low,ID_Commodity_oil
2036-03-03,oil,1755.3943,Low,ID_Commodity_oil
2036-03-04,oil,1714.6553,Low,ID_Commodity_oil
2036-03-05,sugar,861.2906,Low,ID_Commodity_oil
2036-03-06,wheat,858.8584,High,ID_Commodity_oil
2036-03-07,oil,1817.8512,Low,ID_Commodity_oil
2036-03-08,sugar,945.2421,Low,ID_Commodity_oil
2036-03-09,wheat,790.48737,Med,ID_Commodity_oil
2036-03-10,wheat,889.9996,High,ID_Commodity_oil
2036-03-11,oil,1756.2512,Low,ID_Commodity_oil
2036-03-12,wheat,893.7311,High,ID_Commodity_oil
2036-03-13,oil,1737.2065,Low,ID_Commodity_oil
2036-03-14,wheat,732.7413,Low,ID_Commodity_oil
2036-03-15,sugar,842.788,Low,ID_Commodity_oil
2036-03-16,oil,1710.4741,Low,ID_Commodity_oil
2036-03-17,oil,1754.508,Low,ID_Commodity_oil
2036-03-18,wheat,827.9851,Med,ID_Commodity_oil
2036-03-19,wheat,872.7079,High,ID_Commodity_oil
2036-03-20,oil,1760.8035,Low,ID_Commodity_oil
2036-03-21,wheat,802.3903,Med,ID_Commodity_oil
2036-03-22,sugar,907.7547,Low,ID_Commodity_oil
2036-03-23,wheat,787.9858,Med,ID_Commodity_oil
2036-03-24,sugar,984.4258,Med,ID_Commodity_oil
2036-03-25,sugar,961.83374,Med,ID_Commodity_oil
2036-03-26,sugar,919.72107,Low,ID_Commodity_oil
2036-03-27,sugar,997.2358,Med,ID_Commodity_oil
2036-03-28,sugar,983.04877,Med,ID_Commodity_oil
2036-03-29,wheat,761.1333,Low,ID_Commodity_oil
2036-03-30,sugar,851.8603,Low,ID_Commodity_oil
2036-03-31,wheat,738.9034,Low,ID_Commodity_oil
2036-04-01,sugar,981.12286,Med,ID_Commodity_oil
2036-04-02,oil,1887.6628,Med,ID_Commodity_oil
2036-04-03,sugar,929.7297,Low,ID_Commodity_oil
2036-04-04,oil,1730.6284,Low,ID_Commodity_oil
2036-04-05,sugar,900.6885,Low,ID_Commodity_oil
2036-04-06,sugar,981.09937,Med,ID_Commodity_oil
2036-04-07,sugar,871.8429,Low,ID_Commodity_oil
2036-04-08,oil,1787.3363,Low,ID_Commodity_oil
2036-04-09,oil,1727.6758,Low,ID_Commodity_oil
2036-04-10,sugar,944.24896,Low,ID_Commodity_oil
2036-04-11,wheat,697.6807,Low,ID_Commodity_oil
2036-04-12,sugar,986.1021,Med,ID_Commodity_oil
2036-04-13,oil,1842.1124,Med,ID_Commodity_oil
2036-04-14,sugar,862.20435,Low,ID_Commodity_oil
2036-04-15,oil,1783.7269,Low,ID_Commodity_oil
2036-04-16,oil,1714.3041,Low,ID_Commodity_oil
2036-04-17,oil,1704.4958,Low,ID_Commodity_oil
2036-04-18,sugar,856.5221,Low,ID_Commodity_oil
2036-04-19,oil,1747.7887,Low,ID_Commodity_oil
2036-04-20,oil,1749.0201,Low,ID_Commodity_oil
2036-04-21,sugar,972.3083,Med,ID_Commodity_oil
2036-04-22,oil,1703.7786,Low,ID_Commodity_oil
2036-04-23,sugar,866.55023,Low,ID_Commodity_oil
2036-04-24,oil,1740.575,Low,ID_Commodity_oil
2036-04-25,wheat,741.64954,Low,ID_Commodity_oil
2036-04-26,wheat,784.92377,Low,ID_Commodity_oil
2036-04-27,oil,1758.1306,Low,ID_Commodity_oil
2036-04-28,wheat,780.75415,Low,ID_Commodity_oil
2036-04-29,sugar,1010.56964,Med,ID_Commodity_oil
2036-04-30,wheat,807.8037,Med,ID_Commodity_oil
2036-05-01,oil,1716.555,Low,ID_Commodity_oil
2036-05-02,oil,1767.6746,Low,ID_Commodity_oil
2036-05-03,sugar,925.6691,Low,ID_Commodity_oil
2036-05-04,oil,1750.7593,Low,ID_Commodity_oil
2036-05-05,sugar,970.81854,Med,ID_Commodity_oil
2036-05-06,wheat,696.9419,Low,ID_Commodity_oil
2036-05-07,wheat,877.274,High,ID_Commodity_oil
2036-05-08,sugar,1132.2803,High,ID_Commodity_oil
2036-05-09,sugar,951.3306,Low,ID_Commodity_oil
2036-05-10,oil,1748.8712,Low,ID_Commodity_oil
2036-05-11,wheat,764.326,Low,ID_Commodity_oil
2036-05-12,sugar,981.68396,Med,ID_Commodity_oil
2036-05-13,wheat,831.3299,Med,ID_Commodity_oil
2036-05-14,sugar,1003.6871,Med,ID_Commodity_oil
2036-05-15,wheat,871.4921,High,ID_Commodity_oil
2036-05-16,oil,1722.6459,Low,ID_Commodity_oil
2036-05-17,wheat,788.5493,Med,ID_Commodity_oil
2036-05-18,wheat,725.94775,Low,ID_Commodity_oil
2036-05-19,wheat,759.9617,Low,ID_Commodity_oil
2036-05-20,wheat,816.9512,Med,ID_Commodity_oil
2036-05-21,wheat,836.4316,Med,ID_Commodity_oil
2036-05-22,oil,1738.3683,Low,ID_Commodity_oil
2036-05-23,sugar,991.1811,Med,ID_Commodity_oil
2036-05-24,wheat,762.9086,Low,ID_Commodity_oil
2036-05-25,oil,1757.5681,Low,ID_Commodity_oil
2036-05-26,wheat,784.4299,Low,ID_Commodity_oil
2036-05-27,wheat,871.59625,High,ID_Commodity_oil
2036-05-28,sugar,963.5449,Med,ID_Commodity_oil
2036-05-29,wheat,689.50946,Low,ID_Commodity_oil
2036-05-30,oil,1710.7094,Low,ID_Commodity_oil
2036-05-31,oil,1717.9348,Low,ID_Commodity_oil
2036-06-01,sugar,881.3131,Low,ID_Commodity_oil
2036-06-02,wheat,669.6399,Low,ID_Commodity_oil
2036-06-03,oil,1742.9319,Low,ID_Commodity_oil
2036-06-04,wheat,858.99854,High,ID_Commodity_oil
2036-06-05,wheat,917.313,High,ID_Commodity_oil
2036-06-06,wheat,689.0239,Low,ID_Commodity_oil
2036-06-07,sugar,870.1916,Low,ID_Commodity_oil
2036-06-08,wheat,726.5464,Low,ID_Commodity_oil
2036-06-09,oil,1738.8896,Low,ID_Commodity_oil
2036-06-10,wheat,772.6742,Low,ID_Commodity_oil
2036-06-11,oil,1614.8688,Low,ID_Commodity_oil
2036-06-12,wheat,780.4235,Low,ID_Commodity_oil
2036-06-13,oil,1721.6481,Low,ID_Commodity_oil
2036-06-14,oil,1726.6777,Low,ID_Commodity_oil
2036-06-15,wheat,733.8571,Low,ID_Commodity_oil
2036-06-16,wheat,737.99677,Low,ID_Commodity_oil
2036-06-17,oil,1666.8922,Low,ID_Commodity_oil
2036-06-18,sugar,915.6244,Low,ID_Commodity_oil
2036-06-19,wheat,789.2169,Med,ID_Commodity_oil
2036-06-20,sugar,896.1776,Low,ID_Commodity_oil
2036-06-21,wheat,760.28906,Low,ID_Commodity_oil
2036-06-22,wheat,724.765,Low,ID_Commodity_oil
2036-06-23,wheat,727.3842,Low,ID_Commodity_oil
2036-06-24,wheat,676.47687,Low,ID_Commodity_oil
2036-06-25,sugar,876.07477,Low,ID_Commodity_oil
2036-06-26,wheat,744.83624,Low,ID_Commodity_oil
2036-06-27,oil,1710.1265,Low,ID_Commodity_oil
2036-06-28,oil,1731.4476,Low,ID_Commodity_oil
2036-06-29,sugar,869.2599,Low,ID_Commodity_oil
2036-06-30,wheat,672.2877,Low,ID_Commodity_oil
2036-07-01,oil,1713.1772,Low,ID_Commodity_oil
2036-07-02,sugar,924.82574,Low,ID_Commodity_oil
2036-07-03,wheat,915.6111,High,ID_Commodity_oil
2036-07-04,oil,1725.4098,Low,ID_Commodity_oil
2036-07-05,oil,1721.7347,Low,ID_Commodity_oil
2036-07-06,sugar,892.5755,Low,ID_Commodity_oil
2036-07-07,wheat,673.0774,Low,ID_Commodity_oil
2036-07-08,wheat,725.11975,Low,ID_Commodity_oil
2036-07-09,oil,1631.9038,Low,ID_Commodity_oil
2036-07-10,oil,1623.363,Low,ID_Commodity_oil
2036-07-11,oil,1740.6913,Low,ID_Commodity_oil
2036-07-12,wheat,764.3082,Low,ID_Commodity_oil
2036-07-13,sugar,857.1904,Low,ID_Commodity_oil
2036-07-14,sugar,854.56934,Low,ID_Commodity_oil
2036-07-15,wheat,704.80896,Low,ID_Commodity_oil
2036-07-16,sugar,867.63586,Low,ID_Commodity_oil
2036-07-17,oil,1719.1299,Low,ID_Commodity_oil
2036-07-18,sugar,1033.4531,Med,ID_Commodity_oil
2036-07-19,sugar,764.55994,Low,ID_Commodity_oil
2036-07-20,sugar,846.60284,Low,ID_Commodity_oil
2036-07-21,oil,1696.3198,Low,ID_Commodity_oil
2036-07-22,wheat,676.6639,Low,ID_Commodity_oil
2036-07-23,oil,1724.557,Low,ID_Commodity_oil
2036-07-24,wheat,717.5554,Low,ID_Commodity_oil
2036-07-25,wheat,633.7025,Low,ID_Commodity_oil
2036-07-26,wheat,694.1452,Low,ID_Commodity_oil
2036-07-27,sugar,863.70776,Low,ID_Commodity_oil
2036-07-28,sugar,1036.2429,Med,ID_Commodity_oil
2036-07-29,wheat,596.60675,Low,ID_Commodity_oil
2036-07-30,wheat,697.5933,Low,ID_Commodity_oil
2036-07-31,sugar,813.6816,Low,ID_Commodity_oil
2036-08-01,oil,1598.2982,Low,ID_Commodity_oil
2036-08-02,wheat,685.76184,Low,ID_Commodity_oil
2036-08-03,oil,1649.4733,Low,ID_Commodity_oil
2036-08-04,sugar,819.60144,Low,ID_Commodity_oil
2036-08-05,wheat,659.52246,Low,ID_Commodity_oil
2036-08-06,oil,1591.9017,Low,ID_Commodity_oil
2036-08-07,oil,1695.3691,Low,ID_Commodity_oil
2036-08-08,oil,1720.2998,Low,ID_Commodity_oil
2036-08-09,sugar,771.53754,Low,ID_Commodity_oil
2036-08-10,sugar,843.9394,Low,ID_Commodity_oil
2036-08-11,oil,1613.5852,Low,ID_Commodity_oil
2036-08-12,oil,1596.6582,Low,ID_Commodity_oil
2036-08-13,sugar,777.4633,Low,ID_Commodity_oil
2036-08-14,oil,1579.6124,Low,ID_Commodity_oil
2036-08-15,oil,1594.0967,Low,ID_Commodity_oil
2036-08-16,sugar,743.2039,Low,ID_Commodity_oil
2036-08-17,oil,1602.8767,Low,ID_Commodity_oil
2036-08-18,oil,1521.3394,Low,ID_Commodity_oil
2036-08-19,oil,1480.9738,Low,ID_Commodity_oil
2036-08-20,sugar,772.08594,Low,ID_Commodity_oil
2036-08-21,oil,1544.549,Low,ID_Commodity_oil
2036-08-22,sugar,742.1075,Low,ID_Commodity_oil
2036-08-23,sugar,751.98413,Low,ID_Commodity_oil
2036-08-24,wheat,675.1329,Low,ID_Commodity_oil
2036-08-25,wheat,589.006,Low,ID_Commodity_oil
2036-08-26,oil,1623.2819,Low,ID_Commodity_oil
2036-08-27,sugar,746.2254,Low,ID_Commodity_oil
2036-08-28,wheat,623.9559,Low,ID_Commodity_oil
2036-08-29,oil,1618.435,Low,ID_Commodity_oil
2036-08-30,wheat,694.7072,Low,ID_Commodity_oil
2036-08-31,wheat,603.18286,Low,ID_Commodity_oil
2036-09-01,sugar,738.869,Low,ID_Commodity_oil
2036-09-02,sugar,792.9314,Low,ID_Commodity_oil
2036-09-03,wheat,662.2869,Low,ID_Commodity_oil
2036-09-04,wheat,647.8174,Low,ID_Commodity_oil
2036-09-05,sugar,767.91113,Low,ID_Commodity_oil
2036-09-06,oil,1525.2616,Low,ID_Commodity_oil
2036-09-07,sugar,767.1545,Low,ID_Commodity_oil
2036-09-08,wheat,592.80945,Low,ID_Commodity_oil
